<?xml version="1.0" encoding="utf-8"?>
<extension type="module" version="2.5" client="site" method="upgrade">
    <name>Steel Code</name>
    <author>Boyko Dmitry</author>
    <creationDate>04.06.2018</creationDate>
    <authorEmail>mail@itdix.net</authorEmail>
    <authorUrl>http://itdix.net</authorUrl>
    <version>1.0.0</version>
    <description>MOD_STEEL_CODE_DESCRIPTION</description>
    <files>
        <filename module="mod_steel_code">mod_steel_code.php</filename>
		<filename>index.html</filename>
        <filename>mod_steel_code.xml</filename>
        <folder>tmpl</folder>
		
    </files>
	<languages folder="language">
		<language tag="ru-RU">ru-RU/ru-RU.mod_steel_code.ini</language>
		<language tag="ru-RU">ru-RU/ru-RU.mod_steel_code.sys.ini</language>
		<language tag="en-GB">en-GB/en-GB.mod_steel_code.ini</language>
		<language tag="en-GB">en-GB/en-GB.mod_steel_code.sys.ini</language>
	</languages>
	<config>
		<fields name="params" >
			<fieldset name="basic">
				<field name="SCODE" type="textarea"  filter="raw" cols="260" rows="10" default="" label="CODE" description="MOD_STEEL_CODE_SCODE_HELP"/>
				<field name="PHP_CODE" type="radio" default="0" label="PHP" description="MOD_STEEL_CODE_PHP_HELP" class="btn-group btn-group-yesno">
					<option value="1">JYES</option>
					<option value="0">JNO</option>
				</field>
			</fieldset>
		</fields>
		
	</config>
	
	<updateservers>
		<server type="extension" priority="1" name="Steel Code">http://itdix.net/update/mod_steel_code/update.xml</server>
	</updateservers>
	
</extension>